title	score
CLANNAD: After Story (TV)	100
orange (TV)	100
Kaguya-sama wa Kokurasetai: Ultra Romantic (TV)	100
Gimai Seikatsu (TV)	100
Gimai Seikatsu (NOVEL)	100
Tsuki ga Kirei (TV)	100
Somali to Mori no Kamisama (TV)	100
Summer Time Render (TV)	100
Josee to Tora to Sakanatachi (MOVIE)	100
Shigatsu wa Kimi no Uso (TV)	100
Owarimonogatari (TV)	100
Tamako Love Story (MOVIE)	100
Hyouka (TV)	100
Seishun Buta Yarou wa Bunny Girl Senpai no Yume wo Minai (TV)	100
Kimi no Suizou wo Tabetai (MOVIE)	100
Koe no Katachi (MOVIE)	100
Mahou Shoujo Madoka☆Magica (TV)	100
Steins;Gate (TV)	100
Kimi no Na wa. (MOVIE)	100
Sakurada Reset (NOVEL)	100
Gin no Saji (MANGA)	100
Josee to Tora to Sakana-tachi (MANGA)	100
Seishun Buta Yarou wa Hatsukoi Shoujo no Yume wo Minai (NOVEL)	100
Seishun Buta Yarou wa Orusuban Imouto no Yume wo Minai (NOVEL)	100
Seishun Buta Yarou wa Bunny Girl Senpai no Yume wo Minai (NOVEL)	100
Yagate Kimi ni Naru (MANGA)	100
Ase to Sekken (MANGA)	100
Sayonara Eri (ONE_SHOT)	100
Yugami-kun ni wa Tomodachi ga Inai (MANGA)	100
Mata, Onaji Yume wo Miteita (MANGA)	100
My Girl (MANGA)	100
Koisuru Kiseichuu (MANGA)	100
Jumyou wo Kaitotte Moratta. Ichinen ni Tsuki, Ichimanen de. (MANGA)	100
ReLife (MANGA)	100
Chihayafuru 2 (TV)	95
Sagrada Reset (TV)	95
Nagato Yuki-chan no Shoushitsu (TV)	95
Seishun Buta Yarou wa Randoseru Girl no Yume wo Minai (MOVIE)	95
Kaguya-sama wa Kokurasetai: First Kiss wa Owaranai (TV)	95
Yagate Kimi ni Naru (TV)	95
Kaguya-hime no Monogatari (MOVIE)	95
SHIROBAKO (TV)	95
Seirei no Moribito (TV)	95
[Oshi no Ko] (TV)	95
Toradora! (TV)	95
Zoku Owarimonogatari (OVA)	95
Plastic Memories (TV)	95
Ookami Kodomo no Ame to Yuki (MOVIE)	95
Seishun Buta Yarou wa Yumemiru Shoujo no Yume wo Minai (MOVIE)	95
Baby, Good Morning (NOVEL)	95
Chihayafuru (MANGA)	95
Sankaku no Kyori wa Kagirinai Zero (NOVEL)	95
Itoko Doumei (MANGA)	95
Shuumatsu Nani Shitemasuka? Mou Ichido Dake, Aemasuka? (NOVEL)	95
Seishun Buta Yarou wa Randoseru Girl no Yume wo Minai (NOVEL)	95
Seishun Buta Yarou wa Yumemiru Shoujo no Yume wo Minai (NOVEL)	95
Shuumatsu Nani Shitemasu ka? Isogashii desu ka? Sukutte Moratte Ii desu ka? Ex (NOVEL)	95
Yagate Kimi ni Naru Saeki Sayaka ni Tsuite (NOVEL)	95
Shuumatsu Nani Shitemasu ka? Isogashii desu ka? Sukutte Moratte Ii desu ka? (NOVEL)	95
Hanbun no Tsuki ga Noboru Sora (NOVEL)	95
Kimi wa Tsukiyo ni Hikarikagayaku (NOVEL)	95
Musubimonogatari (NOVEL)	95
Zoku Hoshi Mamoru Inu (MANGA)	95
Hoshi Mamoru Inu (MANGA)	95
Kimi wa Tsukiyo ni Hikarikagayaku (MANGA)	95
Horimiya (MANGA)	95
Takopii no Genzai (ONA)	92
Anne Shirley (TV)	92
Ao no Hako (ONA)	92
Gin no Saji 2 (TV)	92
Summer Pockets (TV)	92
Fruits Basket: The Final (TV)	92
Natsume Yuujinchou Go (TV)	92
Chainsaw Man: Reze-hen (MOVIE)	92
Make Heroine ga Oosugiru! (TV)	92
Kidou Senshi Gundam: Suisei no Majo Season 2 (TV)	92
Re:Zero kara Hajimeru Isekai Seikatsu 2nd Season Part 2 (TV)	92
Shingeki no Kyojin: The Final Season - Kanketsu-hen Kouhen (SPECIAL)	92
Chihayafuru (TV)	92
Hourou Musuko (TV)	92
planetarian: Hoshi no Hito (MOVIE)	92
Violet Evergarden Movie (MOVIE)	92
Kono Sekai no (Sara ni Ikutsumono) Katasumi ni (MOVIE)	92
Lycoris Recoil (TV)	92
Mahoutsukai ni Taisetsu na Koto: Natsu no Sora (TV)	92
Owarimonogatari (Ge) (TV)	92
Hanbun no Tsuki ga Noboru Sora (TV)	92
STAND BY ME Doraemon 2 (MOVIE)	92
Horimiya (TV)	92
Monogatari Series: Second Season (TV)	92
Ougimonogatari (NOVEL)	92
Eien no With (MANGA)	92
Unnamed Memory (NOVEL)	92
Hourou Musuko (MANGA)	92
Shuumatsu Nani Shitemasu ka? Iden: Lillia Aspley (NOVEL)	92
Nagato Yuki-chan no Shoushitsu (MANGA)	92
Plastic Memories: Say to good-bye (MANGA)	92
Mao Yu Hai De Bi Duan (MANGA)	92
Yasashii Hikari (MANGA)	92
Shoujo Shuumatsu Ryokou (MANGA)	92
Iriya no Sora, UFO no Natsu (NOVEL)	92
Tsuka no Ma no Ichika (MANGA)	92
Usotsuki Mii-kun to Kowareta Maa-chan (NOVEL)	92
Lycoris Recoil: Ordinary days (NOVEL)	92
1/11 Juuichi Bun no Ichi (MANGA)	92
Utakata Dialogue (MANGA)	92
Plastic Memories: Heartfelt Thanks (NOVEL)	92
Omoide Emanon (MANGA)	92
Hakoiri Drops (MANGA)	92
Orokamonogatari (NOVEL)	92
Fukanzen na Hito no Tame ni (MANGA)	92
Shigatsu wa Kimi no Uso: Coda (MANGA)	92
Ano Ko ni Kiss to Shirayuri wo (MANGA)	92
Senryuu Shoujo (MANGA)	92
Onani Master Kurosawa (MANGA)	92
Kamisama Hajimemashita◎ (TV)	90
Chihayafuru 3 (TV)	90
Magia Record: Mahou Shoujo Madoka☆Magica Gaiden Final SEASON - Asaki Yume no Akatsuki (TV)	90
Hibi wa Sugiredo Meshi Umashi (TV)	90
Alice to Zouroku (TV)	90
Natsume Yuujinchou Shichi (TV)	90
Zatsu Tabi: That's Journey (TV)	90
Omoide Poro Poro (MOVIE)	90
Fruits Basket: 2nd Season (TV)	90
Natsume Yuujinchou San (TV)	90
Seishun Buta Yarou wa Odekake Sister no Yume wo Minai (MOVIE)	90
Seishun Buta Yarou wa Santa Claus no Yume wo Minai (TV)	90
Renai Flops (TV)	90
Karakai Jouzu no Takagi-san Movie (MOVIE)	90
Liz to Aoi Tori (MOVIE)	90
Hibike! Euphonium 2 (TV)	90
Yahari Ore no Seishun Love Come wa Machigatteiru. Kan (TV)	90
Yahari Ore no Seishun Love Come wa Machigatteiru. Zoku (TV)	90
Suzumiya Haruhi no Shoushitsu (MOVIE)	90
Re:Zero kara Hajimeru Isekai Seikatsu 2nd Season (TV)	90
[Oshi no Ko] 2nd Season (TV)	90
Mushoku Tensei: Isekai Ittara Honki Dasu Part 2 (TV)	90
Karakai Jouzu no Takagi-san 2 (TV)	90
Re:Zero kara Hajimeru Isekai Seikatsu (TV)	90
Yahari Ore no Seishun Love Come wa Machigatteiru. (TV)	90
Bocchi the Rock! Re: (MOVIE)	90
Shingeki no Kyojin Season 3 (TV)	90
Yuzuki-san Chi no Yon Kyoudai. (TV)	90
Non Non Biyori: Nonstop (TV)	90
Kuzu no Honkai (TV)	90
Non Non Biyori: Vacation (MOVIE)	90
Haibane Renmei (TV)	90
Gin no Saji (TV)	90
CLANNAD (TV)	90
Shuumatsu Nani Shitemasu ka? Isogashii desu ka? Sukutte Moratte Ii desu ka? (TV)	90
Kaguya-sama wa Kokurasetai: Tensaitachi no Renai Zunousen (TV)	90
Bocchi the Rock! (TV)	90
planetarian: Chiisana Hoshi no Yume (ONA)	90
Non Non Biyori (TV)	90
Sora yori mo Tooi Basho (TV)	90
Ano Hi Mita Hana no Namae wo Bokutachi wa Mada Shiranai.: Menma e no Tegami (SPECIAL)	90
Ano Hi Mita Hana no Namae wo Bokutachi wa Mada Shiranai. Movie (MOVIE)	90
Ichigo Mashimaro (TV)	90
Jijou wo Shiranai Tenkousei ga Guigui Kuru. (TV)	90
Mitsuboshi Colors (TV)	90
Chainsaw Man (TV)	90
Chainsaw Man (MANGA)	90
Meitantei Conan (MANGA)	90
Misoshiru de Kanpai! (MANGA)	90
Ponkotsu Fuukiiin to Skirt Take ga Futekisetsu na JK no Hanashi (MANGA)	90
Yotsuba to! (MANGA)	90
Mononoke-hime (MOVIE)	90
Sora no Aosa wo Shiru Hito yo (MOVIE)	90
Yuru Camp△ SEASON 2 (TV)	90
Tanaka-kun wa Itsumo Kedaruge (TV)	90
Gakkou Gurashi! (TV)	90
Happy Sugar Life (TV)	90
Tenki no Ko (MOVIE)	90
Bakemonogatari (TV)	90
Gui Yao Qu Na Li?: Ai De Dao Bie (MANGA)	90
Rakuen, Sore kara. (ONE_SHOT)	90
Shinomonogatari (NOVEL)	90
Seishun Buta Yarou wa Santa Claus no Yume wo Minai (NOVEL)	90
Seishun Buta Yarou wa Nightingale no Yume wo Minai (NOVEL)	90
Akariya (MANGA)	90
Kiokuya (MANGA)	90
Kiseijuu (MANGA)	90
Seishun Buta Yarou wa Odekake Sister no Yume wo Minai (NOVEL)	90
Seishun Buta Yarou wa Petit Devil Kouhai no Yume wo Minai (NOVEL)	90
Kaguya-sama wa Kokurasetai Shousetsu-ban: Shuuchiin Gakuen Nanafushigi (NOVEL)	90
Metamorphose no Engawa (MANGA)	90
Ohayou, Ibarahime (MANGA)	90
Kuzu no Honkai (MANGA)	90
Hitori Koukan Nikki (MANGA)	90
Planetarian: Chiisana Hoshi no Yume (NOVEL)	90
Machida-kun no Sekai (MANGA)	90
Futari Escape (MANGA)	90
Ibeon Saengdo Jal Butakae (MANGA)	90
Reiraku (MANGA)	90
Mitsuboshi Colors (MANGA)	90
Oogami-san, Dadamore desu. (MANGA)	90
Hello, Hello and Hello (NOVEL)	90
Hitoribocchi no Marumaru Seikatsu (MANGA)	90
Hitoribocchi no OO Seikatsu (MANGA)	90
Nademonogatari (NOVEL)	90
All You Need Is Kill (MANGA)	90
Yeonui Pyeonji (MANGA)	90
Kokuhaku (MANGA)	90
Okitegami Kyouko no Ryokouki (NOVEL)	90
Okitegami Kyouko no Konintodoke (NOVEL)	90
Sora no Aosa wo Shiru Hito yo: Alternative Melodies (NOVEL)	90
Yokohama Kaidashi Kikou (MANGA)	90
Bonnouji (MANGA)	90
Yuki Onna to Kani wo Kuu (MANGA)	90
Umibe no Onnanoko (MANGA)	90
Urami Koi, Koi, Urami Koi. (MANGA)	90
Hyakunichikan!! (MANGA)	90
Tanaka-kun wa Itsumo Kedaruge (MANGA)	90
Nettaigyo wa Yuki ni Kogareru (MANGA)	90
Taiyou no Ie (MANGA)	90
Watashitachi no Shiawase na Jikan (MANGA)	90
Okitegami Kyouko no Bibouroku (MANGA)	90
Chikan Otoko (MANGA)	90
Kaoru Hana wa Rin to Saku (TV)	87
Magia Record: Mahou Shoujo Madoka☆Magica Gaiden 2nd SEASON - Kakusei Zenya (TV)	87
orange: Mirai (MOVIE)	87
Hibike! Euphonium: Todoketai Melody (MOVIE)	87
Hidamari Sketch x Honeycomb (TV)	87
Yoru no Kurage wa Oyogenai (TV)	87
Natsume Yuujinchou Roku (TV)	87
Hourou Musuko Specials (SPECIAL)	87
Zoku Natsume Yuujinchou (TV)	87
Kamisama Hajimemashita (TV)	87
Madogiwa no Totto-chan (MOVIE)	87
Natsu e no Tunnel, Sayonara no Deguchi (MOVIE)	87
Shingeki no Kyojin: The Final Season Part 2 (TV)	87
Shingeki no Kyojin Season 3 Part 2 (TV)	87
Shingeki no Kyojin Season 2 (TV)	87
Horimiya: piece (TV)	87
Himitsu no Hana no Niwa (ONA)	87
Yuru Camp△ Movie (MOVIE)	87
Just Because! (TV)	87
Hibike! Euphonium (TV)	87
Hanasaku Iroha (TV)	87
Deaimon (TV)	87
Non Non Biyori: Repeat (TV)	87
Kaguya-sama wa Kokurasetai?: Tensaitachi no Renai Zunousen (TV)	87
Stranger: Mukou Hadan (MOVIE)	87
Violet Evergarden (TV)	87
Tsundere Akuyaku Reijou Liselotte to Jikkyou no Endou-kun to Kaisetsu no Kobayashi-san (TV)	87
Konohana Kitan (TV)	87
Coquelicot-zaka kara (MOVIE)	87
Doukyonin wa Hiza, Tokidoki, Atama no Ue. (TV)	87
Omoide no Marnie (MOVIE)	87
Ryman's Club (TV)	87
Kokoro ga Sakebitagatterun da. (MOVIE)	87
Shikioriori (MOVIE)	87
Haikyuu!! 2nd Season (TV)	87
Hotarubi no Mori e (MOVIE)	87
Mahou Shoujo Madoka☆Magica: Hangyaku no Monogatari (MOVIE)	87
Kokoro (MANGA)	87
Yoimonogatari (NOVEL)	87
Seishun Buta Yarou wa My Student no Yume wo Minai (NOVEL)	87
Koibito no Namae (MANGA)	87
Yi Jiu Si Wu Xia Mo (MANGA)	87
Suna no Miyako (MANGA)	87
Rental Onii-chan (MANGA)	87
Rojika to Rakkasei (MANGA)	87
Bitter Virgin (MANGA)	87
Seishun Buta Yarou wa Siscon Idol no Yume wo Minai (NOVEL)	87
Seishun Buta Yarou wa Logical Witch no Yume wo Minai (NOVEL)	87
100-nen Ikita Neko no Hanashi (MANGA)	87
Aa toka Uu shika Ienai (MANGA)	87
Muse no Shinzui (MANGA)	87
Wotaku ni Koi wa Muzukashii (MANGA)	87
Hana wa Shi ni Tagaru (ONE_SHOT)	87
Hitoribocchi no Chikyuu Shinryaku (MANGA)	87
Jikyuu 300-yen no Shinigami (MANGA)	87
Tomodachi Toshite Daisuki (MANGA)	87
ib: Instant Bullet (MANGA)	87
Ookumo-chan Flash Back (MANGA)	87
Shigatsu wa Kimi no Uso: 6-nin no Études (NOVEL)	87
Kimi ga Shinu made Ato 100-nichi (MANGA)	87
Hello, Hello and Hello (MANGA)	87
Itsuya-san (MANGA)	87
Aharen-san wa Hakarenai (MANGA)	87
Kimi no Na wa. Another Side: Earthbound (NOVEL)	87
Ookami Shounen wa Kyou mo Uso wo Kasaneru (MANGA)	87
Tonari no Seki no Satou-san (MANGA)	87
Kubo-san wa Mob wo Yurusanai (MANGA)	87
Inari, Konkon, Koi Iroha. (MANGA)	87
Sesuji wo Pin! to: Shikakou Kyougi Dance-bu e Youkoso (MANGA)	87
Umarekawattemo Mata, Watashi to Kekkon Shitekuremasu ka (MANGA)	87
Kuzumi-kun, Kuuki Yometemasu ka? (MANGA)	87
Nidome no Natsu, Nidoto Aenai Kimi (MANGA)	87
Kimi wa Tsukiyo ni Hikari Kagayaku +Fragments (NOVEL)	87
Kobayashi-san Chi no Maidragon (TV)	85
Boku no Kokoro no Yabai Yatsu 2nd Season (TV)	85
Haikyuu!!: Gomi Suteba no Kessen (MOVIE)	85
Aharen-san wa Hakarenai Season 2 (TV)	85
Natsume Yuujinchou Roku Specials (SPECIAL)	85
Fruits Basket: prelude (MOVIE)	85
Natsume Yuujinchou Go Specials (SPECIAL)	85
mono (TV)	85
100-Nichikan Ikita Wani (MOVIE)	85
Sorairo Utility (TV) (TV)	85
IDOLY PRIDE (TV)	85
Monogatari Series: Off & Monster Season (ONA)	85
Alice to Therese no Maboroshi Koujou (MOVIE)	85
Bocchi the Rock! Re:Re: (MOVIE)	85
Hakubo (MOVIE)	85
Hibike! Euphonium 3 (TV)	85
SPY×FAMILY CODE: White (MOVIE)	85
Sore ga Seiyuu! (TV)	85
Hanasaku Iroha: HOME SWEET HOME (MOVIE)	85
Utagoe wa Mille-Feuille (TV)	85
Non Non Biyori: Nonstop - Bukatsu wo Ganbatta (OVA)	85
Shingeki no Kyojin: The Final Season - Kanketsu-hen Zenpen (SPECIAL)	85
Shingeki no Kyojin: The Final Season (TV)	85
Kagami no Kojou (MOVIE)	85
Shingeki no Kyojin (TV)	85
Mimi wo Sumaseba (MOVIE)	85
Taisou Zamurai (TV)	85
Natsume Yuujinchou (TV)	85
Magia Record: Mahou Shoujo Madoka☆Magica Gaiden (TV)	85
Gakuen Babysitters (TV)	85
Uma Musume: Pretty Derby Season 3 (TV)	85
Keikenzumi na Kimi to, Keiken Zero na Ore ga, Otsukiai suru Hanashi. (TV)	85
Uma Musume: Pretty Derby (TV)	85
Neko ga Kureta Marui Shiawase (ONA)	85
Ano Hi Mita Hana no Namae wo Bokutachi wa Mada Shiranai. (TV)	85
Hikari no Ou (TV)	85
Uchi no Shishou wa Shippo ga Nai (TV)	85
Made in Abyss: Retsujitsu no Ougonkyou (TV)	85
Bubble (ONA)	85
Ai no Utagoe wo Kikasete (MOVIE)	85
So Ra No Wo To (TV)	85
Kakushigoto (TV)	85
Usagi Drop (TV)	85
Gake no Ue no Ponyo (MOVIE)	85
Amaama to Inazuma (TV)	85
Hori-san to Miyamura-kun (OVA)	85
Tanaka-kun wa Itsumo Kedaruge Tokuten (SPECIAL)	85
Ryuu no Haisha (SPECIAL)	85
Cider no You ni Kotoba ga Wakiagaru (MOVIE)	85
Yuru Camp△ (TV)	85
Kimi to, Nami ni Noretara (MOVIE)	85
Hanamonogatari (TV)	85
Hyouka: Motsubeki Mono wa (OVA)	85
Meitantei Conan: Keisatsu Gakkou-hen - Wild Police Story (MANGA)	85
Shinobumonogatari (NOVEL)	85
Seishun Buta Yarou wa Mayoeru Singer no Yume wo Minai (NOVEL)	85
Songzang Xiezouqu (MANGA)	85
Nijiiro Days (MANGA)	85
Tari Tari (MANGA)	85
Aikagi-kun to Shiawase Gohan (MANGA)	85
Urushi Uruhashi (MANGA)	85
Kekkon Suru tte, Hontou desu ka: 365 Days To The Wedding (MANGA)	85
Chizu ni Nai Basho (MANGA)	85
Boku ga Watashi ni Naru Tame ni (MANGA)	85
Hatsukoi Losstime (MANGA)	85
100-nichi Go ni Shinu (❌) Nezumi (MANGA)	85
Sakurako-san no Ashimoto ni wa Shitai ga Umatteiru (NOVEL)	85
Fruits Basket: prelude - Special Comics (MANGA)	85
Tumyeonghan Donggeo (MANGA)	85
Takako-san (MANGA)	85
Mairimashita, Senpai (MANGA)	85
Hosaka Sensei no Ai no Muchi (MANGA)	85
Sojou no Koi wa Nido Haneru (MANGA)	85
AV Joyuu to AV Danyuu ga Doukyo suru Hanashi. (MANGA)	85
Murasakiiro no Qualia (NOVEL)	85
Telework Yotabanashi (MANGA)	85
Imomushi Shoujo to Komyushou Danshi (MANGA)	85
Aiura (MANGA)	85
Shunkan Gradation (MANGA)	85
Kowareta Bokura no Senryaku Renai (ONE_SHOT)	85
Hello, Hello and Hello: Piece of Mind (NOVEL)	85
Henshin no News (MANGA)	85
Ashizuri Suizokukan (MANGA)	85
Half & Half (MANGA)	85
Tsurezure Biyori (MANGA)	85
Koushin Koinu ni Koibumi wo (MANGA)	85
Mizutama Honey Boy (MANGA)	85
Food Court de, Mata Ashita. (MANGA)	85
Wazamonogatari (NOVEL)	85
Okitegami Kyouko no Kakeibo (NOVEL)	85
Okitegami Kyouko no Taishokunegai (NOVEL)	85
Umiiro March (MANGA)	85
Kimi ga Denwa wo Kakete Ita Basho (NOVEL)	85
Itai no Itai no, Tonde Yuke (NOVEL)	85
Okitegami Kyouko no Bibouroku (NOVEL)	85
Boku to Kimi no Taisetsu na Hanashi (MANGA)	85
Jin (MANGA)	85
Shimanami Tasogare (MANGA)	85
Haji-Otsu. (MANGA)	85
Nande Ikiteru ka Wakaranai Hito: Izumi Sumi 25-sai (MANGA)	85
Hoshi no Koe (MANGA)	85
Amaama to Inazuma (MANGA)	85
Toumei Ningen no Hone (MANGA)	85
Sabishisugite Rezu Fuzoku ni Ikimashita Report (MANGA)	85
Taishou Otome Otogibanashi (MANGA)	85
Tamen De Gushi (MANGA)	85
Tsurezure Children (MANGA)	85
Kobayashi-san Chi no Maidragon S (TV)	82
Turkey! (TV)	82
Natsume Yuujinchou Shichi Special (SPECIAL)	82
Hidamari Sketch x ☆☆☆ Specials (SPECIAL)	82
Hidamari Sketch x ☆☆☆ (TV)	82
Gakuen Babysitters OVA (OVA)	82
Aru Majo ga Shinu Made (TV)	82
Natsume Yuujinchou: Utsusemi ni Musubu (MOVIE)	82
Majo no Takkyuubin (MOVIE)	82
Natsume Yuujinchou Shi (TV)	82
Hibike! Euphonium: Chikai no Finale (MOVIE)	82
Machikado Mazoku: 2-Choume (TV)	82
Mushoku Tensei II: Isekai Ittara Honki Dasu (TV)	82
Fruits Basket: 1st Season (TV)	82
Crayon Shin-chan: Arashi wo Yobu Mouretsu! Otona Teikoku no Gyakushuu (MOVIE)	82
Boku ga Aishita Subete no Kimi e (MOVIE)	82
Majo Minarai wo Sagashite (MOVIE)	82
Suzumiya Haruhi no Yuuutsu (TV)	82
Non Non Biyori: Okinawa e Ikukoto ni Natta (OVA)	82
Kasai no Hito (MANGA)	82
Heikousen (MUSIC)	82
Violet Evergarden: Kitto "Ai" wo Shiru Hi ga Kuru no Darou (OVA)	82
Ichigo Mashimaro encore (OVA)	82
TARI TARI (TV)	82
Ame wo Tsugeru Hyouryuu Danchi (ONA)	82
Barakamon (TV)	82
Made in Abyss: Hourou Suru Tasogare (MOVIE)	82
Tsurezure Children (TV_SHORT)	82
Totsukuni no Shoujo (2022) (OVA)	82
Saishuu Heiki Kanojo: Another Love Song (OVA)	82
Ping Pong THE ANIMATION (TV)	82
Sayonara no Asa ni Yakusoku no Hana wo Kazarou (MOVIE)	82
Nakitai Watashi wa Neko wo Kaburu (MOVIE)	82
Heya Camp△ (TV_SHORT)	82
STAND BY ME Doraemon (MOVIE)	82
Penguin Highway (MOVIE)	82
Nisemonogatari (TV)	82
Gui Yao Qu Na Li?: Jiyi De Qianban (MANGA)	82
Kaze Tachinu (MANGA)	82
Shayou (MANGA)	82
31-sai, Hatsukare. (MANGA)	82
Umibe no Byouin de Kanojo to Hanashita Ikutsuka no Koto (NOVEL)	82
Boku wa Ashita, Kinou no Kimi to Date suru (MANGA)	82
Uso no Kodomo (MANGA)	82
Yumekuri (MANGA)	82
Kanon (ONE_SHOT)	82
Summer Ghost (MANGA)	82
Ichinen ni Ichido Shika Aenai Kimi no Hanashi. (MANGA)	82
Shoujo Junrei (MANGA)	82
Kin no Hitsuji (MANGA)	82
Yoru to Umi (MANGA)	82
Itou-san (MANGA)	82
Funwari Otoko (ONE_SHOT)	82
Aruku Hito (MANGA)	82
Rokujou Hitoma no Majo Life (MANGA)	82
Hana Samurai no Sahara (MANGA)	82
Lonely Girl ni Sakaraenai (MANGA)	82
Mahou Shoujo Tart☆Magica: The Legend of "Jeanne d'Arc" (MANGA)	82
Eiga "Koe no Katachi" Special Book (MANGA)	82
Samenai Machi no Kissaten (MANGA)	82
Ao no Rettou (MANGA)	82
Aoharu Point (NOVEL)	82
Goukaku no Tame no! Yasashii Sankaku Kankei Nyuumon (MANGA)	82
Totsukuni no Shoujo (MANGA)	82
Supyeongseon (MANGA)	82
Byousoku 5 Centimeter (MANGA)	82
Tokidoki (ONE_SHOT)	82
Battle Royale (MANGA)	82
Chainsaw Biyori (ONA)	80
Kobayashi-san Chi no Maidragon Samishii Gariya no Ryuu (MOVIE)	80
Kamisama Hajimemashita: Kako-hen (OVA)	80
Kamisama Hajimemashita OVA (OVA)	80
SHIROBAKO Movie (MOVIE)	80
Boku no Kokoro no Yabai Yatsu (TV)	80
Hibike! Euphonium 3: Extra Episodes (SPECIAL)	80
Food Court de, Mata Ashita. (TV)	80
Hidamari Sketch: Sae Hiro Sotsugyou-hen (OVA)	80
Hibike! Euphonium: Kitauji Koukou Suisougaku-bu e Youkoso (MOVIE)	80
Hidamari Sketch x SP (SPECIAL)	80
Ruri no Houseki (TV)	80
Komada Jouryuusho e Youkoso (MOVIE)	80
Hidamari Sketch x 365 Specials (SPECIAL)	80
Mushoku Tensei II: Isekai Ittara Honki Dasu Part 2 (TV)	80
Hidamari Sketch x 365 (TV)	80
Umi ga Kikoeru (SPECIAL)	80
Yuru Camp△ SEASON 3 OVA (OVA)	80
Wotaku ni Koi wa Muzukashii OVA (OVA)	80
Re:Zero kara Hajimeru Kyuukei Jikan (Break Time) 2nd Season Part 2 (ONA)	80
THE iDOLM@STER Cinderella Girls: U149 (TV)	80
Re:Zero kara Hajimeru Isekai Seikatsu 3rd Season (TV)	80
Tokubetsu-hen Hibike! Euphonium: Ensemble Contest (OVA)	80
Hibike! Euphonium: Kakedasu Monaka (OVA)	80
Yahari Ore no Seishun Love Come wa Machigatteiru. Kan: Dakara, Shishunki wa Owarazu ni, Seishun wa Tsuzuiteiku. (OVA)	80
Yahari Ore no Seishun Love Come wa Machigatteiru. Zoku: Kitto, Onnanoko wa Osatou to Spice to Suteki na Nanika de Dekiteiru (OVA)	80
Suzumiya Haruhi no Yuuutsu (2009) (TV)	80
Re:Zero kara Hajimeru Isekai Seikatsu OVAs (OVA)	80
CLANNAD: Mou Hitotsu no Sekai, Tomoyo-hen (OVA)	80
Tsuki ga Noboru made ni (OVA)	80
Idol (MUSIC)	80
Oroka na Tenshi wa Akuma to Odoru (TV)	80
Kimi wo Aishita Hitori no Boku e (MOVIE)	80
Hotori: Tada Saiwai wo Koinegau (MOVIE)	80
Sakura Capsule (OVA)	80
Shin no Nakama ja Nai to Yuusha no Party wo Oidasareta node, Henkyou de Slow Life suru Koto ni shimashita (TV)	80
Nijiiro Days (TV_SHORT)	80
Natsuyuki Rendezvous (TV)	80
Koitabi: True Tours Nanto (SPECIAL)	80
Kemono no Souja Erin (TV)	80
Bokura no Nanokakan Sensou (MOVIE)	80
Hikari no Ou 2nd Season (TV)	80
Uma Musume: Pretty Derby Season 2 (TV)	80
Kokoro Yohou (MUSIC)	80
Iriya no Sora, UFO no Natsu (OVA)	80
Toradora!: Bentou no Gokui (OVA)	80
Shoujo Shuumatsu Ryokou (TV)	80
planetarian: Snow Globe (OVA)	80
Chiisana Eiyuu: Kani to Tamago to Toumei Ningen (MOVIE)	80
Ichigo Mashimaro OVA (OVA)	80
Udon no Kuni no Kiniro Kemari (TV)	80
Fragtime (MOVIE)	80
Eiga Daisuki Pompo-san (MOVIE)	80
Ginga Tetsudou no Yoru (MOVIE)	80
Hitoribocchi no ○○ Seikatsu (TV)	80
rain town (MOVIE)	80
Totsukuni no Shoujo (OVA)	80
Doraemon: Shin Nobita to Tetsujin Heidan - Habatake Tenshi-tachi (MOVIE)	80
ROAD TO YOU (ONA)	80
Aharen-san wa Hakarenai (TV)	80
Summer Ghost (MOVIE)	80
Saishuu Heiki Kanojo (TV)	80
Chikyuugai Shounen Shoujo (ONA)	80
Haikyuu!! TO THE TOP 2 (TV)	80
Koyomimonogatari (ONA)	80
Yuru Camp△ OVA (OVA)	80
Tanaka-kun wa Kyou mo Kedaruge (ONA)	80
Sen to Chihiro no Kamikakushi (MOVIE)	80
Dareka no Manazashi (MOVIE)	80
NHK ni Youkoso! (TV)	80
Haikyuu!! (TV)	80
Made in Abyss: Fukaki Tamashii no Reimei (MOVIE)	80
Made in Abyss (TV)	80
Meitantei Conan: Baker Street no Bourei (MOVIE)	80
ID: INVADED (TV)	80
Te wo Tsunaide Sanposhite (ONE_SHOT)	80
Anata e no Michinori (MANGA)	80
Amarimonogatari (NOVEL)	80
Ningen Shikkaku (MANGA)	80
Gakkou ni Ikenai Watashitachi: Sanagi Kara no Mezame (MANGA)	80
Shitayomi Danshi to Toukou Joshi (NOVEL)	80
Sachi-iro no One Room (MANGA)	80
Tsuma, Shougakusei ni Naru. (MANGA)	80
Have I Found You? Yu Ni De Xie Yuan (MANGA)	80
Ginga no Shinanai Kodomotachi e (MANGA)	80
Kuzu no Honkai décor (MANGA)	80
Boku ga Nanafushigi ni Natta Wake (NOVEL)	80
Sen wa, Boku wo Egaku (MANGA)	80
Aozora to Kumorizora (MANGA)	80
Kono Sekai ni i wo Komete (NOVEL)	80
Shingeki no Kyojin: Before the fall (NOVEL)	80
pupa (MANGA)	80
Seikyouiku 120% (MANGA)	80
Watashi no Astilbe (ONE_SHOT)	80
Kimi to Boku no Ashiato (MANGA)	80
Locker Room (ONE_SHOT)	80
Hon wo Okuru (ONE_SHOT)	80
Batsu Ichi JK (MANGA)	80
Kumika no Mikaku (MANGA)	80
Yagate Kimi ni Naru Koushiki Comic Anthology (MANGA)	80
Natsu e no Tunnel, Sayonara no Deguchi (NOVEL)	80
J no Subete (MANGA)	80
Starting Over (NOVEL)	80
Sayonara Rose Garden (MANGA)	80
Love Letter (ONE_SHOT)	80
Kanojo wa Itsumo Kagayaiteita (ONE_SHOT)	80
Oya ga Urusai node Kouhai (♀) to Gisou Kekkon shitemita. (MANGA)	80
Ichido dake demo, Koukai Shitemasu. (MANGA)	80
Shoujo Shuumatsu Ryokou Special Comic (MANGA)	80
Okitegami Kyouko no Urabyoushi (NOVEL)	80
Nickelodeon (MANGA)	80
Yasashii Sekai no Tsukurikata (MANGA)	80
Kenka Machi no Rival Jijou (ONE_SHOT)	80
Toumei Ningen↑↓Kyoutei (MANGA)	80
Kaketa Tsuki to Doughnuts (MANGA)	80
Kimi no Wasurekata wo Oshiete (NOVEL)	80
Service Area (ONE_SHOT)	80
Summer Time Render 2026: Mizen Jikobukken (MANGA)	80
Aoi Uroko to Suna no Machi (MANGA)	80
Suiiki (MANGA)	80
Silent Blue (MANGA)	80
Shoudou (ONE_SHOT)	80
Cross Road in their cases (NOVEL)	80
Sekai no Owari no Pen Friend (ONE_SHOT)	80
Kabe no Aru Futari (MANGA)	80
Boku wa Mondai Arimasen (MANGA)	80
Sono Hi, Night Date nano de. (ONE_SHOT)	80
Magi no Okurimono (MANGA)	80
Kimi no Yokogao shika Mirenai (MANGA)	80
La Pomme Prisonnière (MANGA)	80
Koganeiro (MANGA)	80
Sasurai Emanon (MANGA)	80
Just You and I (MANGA)	80
Amefuru Aru Hi no Isekai de (MANGA)	80
Mahou ga Tsukaenakutemo (MANGA)	80
Shounen Shoujo (MANGA)	80
Okitegami Kyouko no Yuigonsho (NOVEL)	80
Okitegami Kyouko no Chousenjou (NOVEL)	80
Kakushigoto (MANGA)	80
Satougashi no Dangan wa Uchinukenai: A Lollypop or A Bullet (MANGA)	80
Kamisama ga Uso wo Tsuku. (MANGA)	80
Aoi Tori: Wakuraba (MANGA)	80
10th (MANGA)	80
Kodomo no Kamisama (ONE_SHOT)	80
Shita no Ue no Kimi (NOVEL)	80
Boy meets Maria (MANGA)	80
Chikyuu no Owari wa Koi no Hajimari (MANGA)	80
Semete, Ano Yuki no You ni (MANGA)	80
100-nichi Go ni Shinu Wani (MANGA)	80
Kimi ni Shika Kikoenai (MANGA)	80
No Zo Ki A Na (MANGA)	80
Crayon Shin-chan: Ora-tachi no Kyouryuu Nikki (MOVIE)	77
Senpai wa Otokonoko: Ame Nochi Hare (MOVIE)	77
Dounika Naru Hibi (MOVIE)	77
Lycoris Recoil: Friends are thieves of time. (ONA)	77
Hana wa Saku, Shura no Gotoku (TV)	77
SPY×FAMILY Part 2 (TV)	77
Karakai Jouzu no Takagi-san 3 (TV)	77
Bishounen Tanteidan (TV)	77
Non Non Biyori: Repeat - Hotaru ga Tanoshinda (OVA)	77
Yoru wa Mijikashi Arukeyo Otome (MOVIE)	77
Junkers Come Here (MOVIE)	77
Karakai Jouzu no Takagi-san (TV)	77
Golden Time (TV)	77
Sakurako-san no Ashimoto ni wa Shitai ga Umatteiru (TV)	77
Akane Sasu Shoujo (TV)	77
Futari-bun no Shoumei (ONA)	77
Migi to Dali (TV)	77
Shiro Seijo to Kuro Bokushi (TV)	77
Ima, Soko ni Iru Boku (TV)	77
Yuru Camp△ SEASON 3 (TV)	77
Niehime to Kemono no Ou (TV)	77
Made in Abyss: Tabidachi no Yoake (MOVIE)	77
Tansu Warashi. (MOVIE)	77
Yoru no Kuni (ONA)	77
Another World (ONA)	77
Sorairo Utility (SPECIAL)	77
Mirai no Mirai (MOVIE)	77
Toki wo Kakeru Shoujo (MOVIE)	77
Tenkuu no Shiro Laputa (MOVIE)	77
Shigatsu wa Kimi no Uso: MOMENTS (OVA)	77
Tamako Market (TV)	77
Nekomonogatari (Kuro) (TV)	77
Akame ga Kill! (TV)	77
20-byou Date (ONE_SHOT)	77
Yoru wo Tomenaide (MANGA)	77
Karami Zakari (MANGA)	77
Shenmi Lieche (MANGA)	77
Gakkou ni Ikenai Watashitachi: Pride no Hate (MANGA)	77
Old Home no Haibanetachi: Bangai-hen (MANGA)	77
Yandere Kanojo (MANGA)	77
Yandere Kanojo (MANGA)	77
Nanairo Sekai (MANGA)	77
Hatsuharu ga Saku (MANGA)	77
Hoshi no Ko (MANGA)	77
Shingeki no Kyojin: Kakuzetsu Toshi no Joou (NOVEL)	77
Hana Bolo (MANGA)	77
Himitsu x Himitsu (MANGA)	77
Gozen 3-ji no Muhouchitai (MANGA)	77
Tonari wa Nani wo Kuu Hito zo (MANGA)	77
Hummingbird Rhapsody (ONE_SHOT)	77
Haru no Noroi (MANGA)	77
Ponytail ni Yureru (ONE_SHOT)	77
Boys Run The Riot (MANGA)	77
Pension Life Vampire (MANGA)	77
Haru to Bonkura (MANGA)	77
Kinyoubi no Baby Violet (MANGA)	77
Lycoris Recoil Koushiki Comic Anthology: Reload (MANGA)	77
Moshimo Tokyo (ONE_SHOT)	77
Watashi to Watashi (MANGA)	77
Koe no Chiisai Komori-san to Kusodeka Oogoe no Oobayashi-kun (MANGA)	77
Wasure Yuki (ONE_SHOT)	77
Chikyuu Umare no Anata e (MANGA)	77
Kokoro no Mama de (MANGA)	77
Love Letter (MANGA)	77
Kimi wa Midara na Boku no Joou (MANGA)	77
Nante Nasakenai Bokurada. (ONE_SHOT)	77
Parasol Doumei (ONE_SHOT)	77
DIRTY WORK (ONE_SHOT)	77
Aku no Hana (MANGA)	77
Urami Koi, Koi, Urami Koi. (ONE_SHOT)	77
γ: Ganma (MANGA)	77
To LOVE-Ru (MANGA)	77
To LOVE-Ru Darkness (MANGA)	77
Doukyonin ga Konoyo no Mon Janai (MANGA)	77
Mirai Nikki (MANGA)	77
Nemure Omoi Ko, Sora no Shitone ni (MOVIE)	75
Doraemon: Nobita no E Sekai Monogatari (MOVIE)	75
Kobayashi-san Chi no Maidragon S: Nippon no Omotenashi (Attend wa Dragon desu) (OVA)	75
Kobayashi-san Chi no Maidragon: Valentine, Soshite Onsen! (Amari Kitai Shinaide Kudasai) (OVA)	75
Chihayafuru 2: Waga Mi Yo ni Furu Nagame Seshi Ma ni (OVA)	75
Artiswitch Picture Drama (ONA)	75
Kagami no Kojou no Mae to Ato (SPECIAL)	75
Kowloon Generic Romance (TV)	75
Acro Trip (ONA)	75
Kimi no Iro (MOVIE)	75
Sore ga Seiyuu!: Petit Uchiage (SPECIAL)	75
Doraemon: Nobita no Chikyuu Symphony (MOVIE)	75
Mattaku Saikin no Tantei to Kitara (TV)	75
Himote House (TV_SHORT)	75
Monogatari Series: Off & Monster Season - Zankoku Douwa: Utsukushi-hime (SPECIAL)	75
8-gatsu 26-nichi: Chou Hidamatsuri Special (SPECIAL)	75
Hokkyoku Hyakkaten no Concierge-san (MOVIE)	75
Kono Kaisha ni Suki na Hito ga Imasu (TV)	75
Shigofumi: Sorekara (OVA)	75
Unnamed Memory Act.2 (TV)	75
Shinchou Yuusha: Kono Yuusha ga Ore TUEEE Kuse ni Shinchou Sugiru (TV)	75
Yaneura no Rudger (MOVIE)	75
Gakuen Utopia Manabi Straight! (TV)	75
Ameku Takao no Suiri Karte (TV)	75
Natsume Yuujinchou: Nyanko-sensei to Hajimete no Otsukai (SPECIAL)	75
Hisone to Maso-tan (TV)	75
Honey Lemon Soda (TV)	75
Boku no Tsuma wa Kanjou ga Nai (ONA)	75
Look Back (MOVIE)	75
Houkago Saikoro Club (TV)	75
Shigofumi (TV)	75
Yubisaki to Renren (TV)	75
Uchitama?! Uchi no Tama Shirimasen ka? (TV)	75
8-gatsu no Symphony: Shibuya 2002-2003 (MOVIE)	75
Soredemo Ayumu wa Yosetekuru (TV)	75
Hibike! Euphonium: Suisougaku-bu no Nichijou (SPECIAL)	75
SPY×FAMILY (TV)	75
CLANNAD: After Story - Mou Hitotsu no Sekai, Kyou-hen (OVA)	75
Hikikomari Kyuuketsuki no Monmon (TV)	75
Karakai Jouzu no Takagi-san: Water Slide (OVA)	75
Honey Tokyo (ONA)	75
Shingeki no Kyojin: LOST GIRLS (OVA)	75
Afro-Ken (OVA)	75
Shingeki no Kyojin Gaiden: Kuinaki Sentaku (OVA)	75
Soredemo Machi wa Mawatteiru (TV)	75
Sketchbook: full color's (TV)	75
Mushoku Tensei: Isekai Ittara Honki Dasu (TV)	75
Machikado Mazoku (TV)	75
Love Lab (TV)	75
Kokoro Toshokan (TV)	75
Wotaku ni Koi wa Muzukashii (TV)	75
Joshiraku (TV)	75
Joshikousei no Mudazukai (TV)	75
Hinamatsuri (TV)	75
Hidamari Sketch (TV)	75
Flying Witch (TV)	75
Escha Chron (OVA)	75
Araburu Kisetsu no Otome-domo yo. (TV)	75
Tokimeki wa, Sugu Soba ni. (SPECIAL)	75
Uma Musume: Pretty Derby - ROAD TO THE TOP (ONA)	75
Kaguya-sama wa Kokurasetai: Tensaitachi no Renai Zunousen OVA (OVA)	75
Mahou Shoujo Madoka★Magica: Concept Movie (MOVIE)	75
Maou-jou de Oyasumi (TV)	75
Nichijou (TV)	75
Aiura (TV_SHORT)	75
Natsunagu! (TV_SHORT)	75
Violet Evergarden Gaiden: Eien to Jidou Shuki Ningyou (MOVIE)	75
Sugar Apple Fairy Tale (TV)	75
Blue Thermal (MOVIE)	75
Kubo-san wa Mob wo Yurusanai (TV)	75
Higashi no Eden (TV)	75
Prima Doll (TV)	75
Tonari no Seki-kun Specials (SPECIAL)	75
Tonari no Seki-kun (TV_SHORT)	75
Ano Hi no Kokoro wo Toraete (ONA)	75
Hinata no Aoshigure (MOVIE)	75
Yokohama Kaidashi Kikou: Quiet Country Cafe (OVA)	75
Yokohama Kaidashi Kikou (OVA)	75
So Ra No Wo To OVA (OVA)	75
Koyomi History (OVA)	75
Inari, Konkon, Koi Iroha.: Inari, Konkon, Semishigure. (OVA)	75
Taishou Otome Otogibanashi (TV)	75
Usagi Drop Specials (SPECIAL)	75
Haikyuu!! TO THE TOP (TV)	75
Heya Camp△: Sauna to Gohan to Sanrin Bike (OVA)	75
Kizumonogatari III: Reiketsu-hen (MOVIE)	75
Kizumonogatari II: Nekketsu-hen (MOVIE)	75
Chobits (TV)	75
Samurai Champloo (TV)	75
Death Parade (TV)	75
Cowboy Bebop: Tengoku no Tobira (MOVIE)	75
Cowboy Bebop (TV)	75
Poor Poor LIPS (MANGA)	75
Kairaku no Rou (MANGA)	75
Shitsuren Tantei Momose (NOVEL)	75
Boku to Kanojo to Futari no Korekara (NOVEL)	75
Bokura ni Futsuu wa Muzukashii (MANGA)	75
Jukkakukan no Satsujin (MANGA)	75
Shikabane Shoujo to Kakanai Gaka (MANGA)	75
JK to Sutego no Akachan (MANGA)	75
Arata naru Sekai: Gendai-hen (NOVEL)	75
Goggles (MANGA)	75
Theseus no Fune (MANGA)	75
Sen to Man (MANGA)	75
Yume no Hashibashi (MANGA)	75
Nejikemono (MANGA)	75
Hiraeth wa Tabiji no Hate (MANGA)	75
Rooms: Umishima Senbon Illust＋Comic-shuu (MANGA)	75
Gaebalhaejuseyo (MANGA)	75
Asahina Wakaba to ○○ na Kareshi (MANGA)	75
Kakeochi Girl (MANGA)	75
Hina to Bambi (MANGA)	75
Boku no Kotori-san (ONE_SHOT)	75
Sayonara Genga (ONE_SHOT)	75
Maji de Tsukiau 15-fun Mae (MANGA)	75
San Nen Sa (MANGA)	75
Ori no Naka no Soloist (MANGA)	75
Shinozaki-san Ki wo Ota Shika ni! (MANGA)	75
Hakoniwa no Soleil (MANGA)	75
Shoujo Fujuubun (MANGA)	75
Shikaku (ONE_SHOT)	75
Nikurashii Hodo Aishiteru (MANGA)	75
Sayonara Alter (MANGA)	75
Boku no Sophia (ONE_SHOT)	75
Maid-san to Obocchama (MANGA)	75
Itsuka, Kimi wo (ONE_SHOT)	75
Yunagi no Machi Sakura no Kuni (MANGA)	75
Kimi ga Kizukasete Kureta Koto (ONE_SHOT)	75
Cinderella wa Sagasanai. (MANGA)	75
Bakemonogatari Anime Complete Guidebook (NOVEL)	75
Nisemonogatari Anime Complete Guidebook (NOVEL)	75
Same Girl (MANGA)	75
Kodomo Tsukuru Hon (MANGA)	75
Kimi no Wasurekata wo Oshiete (MANGA)	75
Hakoniwa no Toriko (ONE_SHOT)	75
Kanojo wo Mamoru 51 no Houhou (MANGA)	75
Tantei AI (NOVEL)	75
Ojojojo (MANGA)	75
Ane no Tomurai (ONE_SHOT)	75
Daisy, Mata Ashita (ONE_SHOT)	75
Yume no Shizuku to Hoshi no Hana (MANGA)	75
Ao ni Koubou (MANGA)	75
HELLO WORLD if: Kadenokouji Misuzu wa Sekai de Saisho no Shitsuren wo Suru (NOVEL)	75
Crime Crime: hard luck woman (ONE_SHOT)	75
Daisuki na Tsuma Datta (ONE_SHOT)	75
Kin no Tamago (MANGA)	75
Take Out Dekimasu ka? (ONE_SHOT)	75
Forget-me-not (MANGA)	75
Shakai Hito Yuri Anthology Rouge (MANGA)	75
Kotonoba Drive (MANGA)	75
Cider to Nakimushi. (MANGA)	75
Chissai Shitsuren (ONE_SHOT)	75
Futari no Renai Shoka (MANGA)	75
Sekai kara Neko ga Kieta nara (MANGA)	75
Okitegami Kyouko no Suisenbun (NOVEL)	75
Yige Guanyu Tangguo De Gushi (MANGA)	75
Hana to Rakurai (MANGA)	75
Tetsugaku Letra (MANGA)	75
Bus Hashiru (MANGA)	75
Tasogare Memorandum (MANGA)	75
Tomodachi no Hanashi (MANGA)	75
Futari Ashita mo Sorenari ni (MANGA)	75
Itoshi no Karin (MANGA)	75
Kaiyou-bu e Youkoso! (ONE_SHOT)	75
Mahou Shoujo Madoka★Magica: The different story (MANGA)	75
Mahou Shoujo Madoka☆Magica: Majuu-hen (MANGA)	75
Madoka no Himitsu (MANGA)	75
Mahou Shoujo Madoka★Magica: Homura Revenge! (MANGA)	75
Uji ni wa Monogatari ga Aru (SPECIAL)	72
Meitantei Conan: 100-man Dollar no Michishirube (MOVIE)	72
Kamisama Hajimemashita: Kamisama, Shiawase ni Naru (OVA)	72
Boku no Kokoro no Yabai Yatsu: Twi-Yaba (ONA)	72
Futsuu no Joshikousei ga [Locodol] Yattemita. OVA (OVA)	72
Futsuu no Joshikousei ga [Locodol] Yatte Mita.: Nagarekawa, Annai Shite Mita. (OVA)	72
SHIROBAKO: Gekichuugeki Animation (SPECIAL)	72
Shin no Nakama ja Nai to Yuusha no Party wo Oidasareta node, Henkyou de Slow Life suru Koto ni shimashita 2nd (TV)	72
Junkers Come Here: Memories of You (OVA)	72
Katsute Mahou Shoujo to Aku wa Tekitai Shite Ita. (TV_SHORT)	72
Kekkon Suru tte, Hontou desu ka (TV)	72
Hidamari Sketch Specials (SPECIAL)	72
Hatsukoi no Nioi (MUSIC)	72
Hikaru ga Shinda Natsu (TV)	72
Natsume Yuujinchou: Ishi Okoshi to Ayashiki Raihousha (MOVIE)	72
Kaze no Tani no Nausicaä (MOVIE)	72
Hoshi Furu Oukoku no Nina (TV)	72
Re:Zero kara Hajimeru Kyuukei Jikan (Break Time) 2nd Season (ONA)	72
DOG SIGNAL (TV)	72
Madougushi Dahlia wa Utsumukanai (TV)	72
Kidou Senshi Gundam: Suisei no Majo (TV)	72
Yahari Ore no Seishun Love Come wa Machigatteiru.: Kochira to Shite mo Karera Kanojora no Yukusue ni Sachi Ookaran Koto wo Negawazaru wo Enai. (OVA)	72
Futsuu no Joshikousei ga [Locodol] Yatte Mita. (TV)	72
Giji Harem (TV)	72
Arashi no Yoru ni (MOVIE)	72
Glass no Hana to Kowasu Sekai (MOVIE)	72
Miira no Kaikata (TV)	72
Kono Bijutsu-bu ni wa Mondai ga Aru! (TV)	72
Kirameki Inokori Daisensou (MUSIC)	72
Yoru ni Kakeru (MUSIC)	72
Shelter (MUSIC)	72
Watashi no Hashtag ga Haenakute. (ONA)	72
Yoake Tsugeru Lu no Uta (MOVIE)	72
Do It Yourself!! (TV)	72
TARI TARI: Kumottari, Kagayaitari, Mata Itsuka Utattari (SPECIAL)	72
Ousama Ranking: Yuuki no Takarabako (TV)	72
Kimi no Koe wo Todoketai (MOVIE)	72
FASTENING DAYS (ONA)	72
Omoi, Omoware, Furi, Furare (MOVIE)	72
Shachiku-san wa Youjo Yuurei ni Iyasaretai. (TV)	72
Kamiarizuki no Kodomo (MOVIE)	72
Uchiage Hanabi, Shita kara Miru ka? Yoko kara Miru ka? (MOVIE)	72
COLOURS (ONA)	72
HELLO WORLD (MOVIE)	72
Aki no Kanade (MOVIE)	72
Odd Taxi (TV)	72
Inari, Konkon, Koi Iroha. (TV)	72
Ousama Ranking (TV)	72
Haikyuu!!: Karasuno Koukou VS Shiratorizawa Gakuen Koukou (TV)	72
Boku no Hero Academia 2 (TV)	72
Kizumonogatari I: Tekketsu-hen (MOVIE)	72
Koi no Torikata (MANGA)	72
Berry Berry Berry A (MANGA)	72
By Spring (MANGA)	72
Sundome!! Milky Way: Another End (MANGA)	72
#Zombie Sagashitemasu (MANGA)	72
Tsumetai Kousha no Toki wa Todomaru (MANGA)	72
Akane Kumo (MANGA)	72
Gakkou ni Ikenai Watashitachi (MANGA)	72
Ao no Hako (ONE_SHOT)	72
Kokoro Kimiiro Sakura Iro (MANGA)	72
Dounika Naru Hibi (MANGA)	72
Bocchi na Bokura no Renai Jijou (MANGA)	72
Kimi wa Yakamashi Tojite yo Kuchi wo! (MANGA)	72
Toshiue no Hito (MANGA)	72
Kimi ga Kirai na Koi no Hanashi (MANGA)	72
Minato Machi Neko Machi (MANGA)	72
Weather Report (MANGA)	72
Aki-Sora (MANGA)	72
Kyou mo Hitotsu Yane no Shita (MANGA)	72
GAME OVER (MANGA)	72
Hana to Hina wa Houkago (MANGA)	72
Heisei Umare 3 (MANGA)	72
Densha Otoko: Net Hatsu, Kakueki Teisha no Love Story (MANGA)	72
Hajimari no Hako (MANGA)	72
Sorairo no Graffiti (MANGA)	72
Akuryou (MANGA)	72
Ao ga Cool Nante Dare ga Kimeta!? (MANGA)	72
Mizuiro Cinema (MANGA)	72
Kilroy was Here (ONE_SHOT)	72
Tatta Hitokoto (MANGA)	72
Atsumori-kun no Oyome-san (←Mitei) (MANGA)	72
Kyou no Batsugemu (MANGA)	72
Alien 9 (MANGA)	72
Giji Harem (MANGA)	72
Kase-san Series (MANGA)	72
Hello, Melancholic! (MANGA)	72
Imouto no Tomodachi ga Nani Kangaeteru no ka Wakaranai (MANGA)	72
Shiranui Kitanroku (MANGA)	72
Koi ni Utsutsu wo Nukasube Karazu!! (ONE_SHOT)	72
Henshin Ganbou! (ONE_SHOT)	72
Neeko wa Tsurai yo (MANGA)	72
8-gatsu no Ghost (MANGA)	72
Kanda-kun to Serizawa-san (ONE_SHOT)	72
Hoshizora no Shita, Kimi no Koe dake wo Dakishimeru (NOVEL)	72
ID: INVADED #BRAKE BROKEN (MANGA)	72
GANTZ (MANGA)	72
Kobayashi-san Chi no Maidragon S: Mini Dra (ONA)	70
Sketchbook: full color's Picture Drama (SPECIAL)	70
Sui Kin Chi Ka Moku Dotten Amen SP Dance PV (SPECIAL)	70
Toki wa Meguru: TOKYO STATION (ONA)	70
Andersen (MUSIC)	70
Apocalypse Hotel (TV)	70
Gakuen Utopia Manabi Straight! Special (SPECIAL)	70
Nijiiro Days OAD (OVA)	70
Artiswitch: Ruru's Episodes of Memories (ONA)	70
Momokuri (ONA)	70
Ichiban Kuji Natsume Yuujinchou: Nyanko-sensei to Hana Shirabe (ONA)	70
CITY THE ANIMATION (TV)	70
Ame to Kimi to (TV)	70
Kinokoinu (TV)	70
Garden of Remembrance (MOVIE)	70
Arata naru Sekai: Mirai-hen (OVA)	70
Kurenai no Buta (MOVIE)	70
Suki demo Kirai na Amanojaku (MOVIE)	70
THE iDOLM@STER Cinderella Girls: U149 OVA (OVA)	70
Natsume Yuujinchou: Itsuka Yuki no Hi ni (OVA)	70
Asobi Asobase Specials (SPECIAL)	70
Joshiraku OVA (OVA)	70
Nichijou no 0-wa (OVA)	70
Sono Toki, Kanojo wa. (TV_SHORT)	70
Nagato Yuki-chan no Shoushitsu: Owarenai Natsuyasumi (OVA)	70
Estab-Life: Great Escape (ONA)	70
Suzumiya Haruhi-chan no Yuuutsu (ONA)	70
Hei He (ONA)	70
Artiswitch (ONA)	70
Hibike! Euphonium 2 Specials (SPECIAL)	70
Shuumatsu Train Doko e Iku? (TV)	70
Kidou Senshi Gundam: Suisei no Majo - PROLOGUE (SPECIAL)	70
Mushoku Tensei: Isekai Ittara Honki Dasu Part 2 - Eris no Goblin Toubatsu (SPECIAL)	70
Baby I Love You Daze (MUSIC)	70
Shingeki no Kyojin OVA (OVA)	70
Sugar Apple Fairy Tale Part 2 (TV)	70
Inu-ou (MOVIE)	70
Kyou no Asuka Show (ONA)	70
Soredemo Sekai wa Utsukushii (TV)	70
Asobi Asobase (TV)	70
Fuyu no Okurimono (ONA)	70
Tsuma, Shougakusei ni Naru. (TV)	70
COLORs (ONA)	70
Anata wo Hitokoto de Arawashite Kudasai: no Shitsumon ga Nigate da. (ONA)	70
Tentai Kansoku (ONA)	70
Ichiban Chikakute Tooi Hoshi (ONA)	70
Ichigo Mashimaro Episode 0 (SPECIAL)	70
Acchi Kocchi: PLACE=PRINCESS (OVA)	70
Acchi Kocchi (TV)	70
Nobunaga no Shinobi: Anegawa Ishiyama-hen (TV_SHORT)	70
Hoshikuzu Telepath (TV)	70
Higashi no Eden Movie I: The King of Eden (MOVIE)	70
Koukyuu no Karasu (TV)	70
Barakamon: Mijikamon (ONA)	70
Wakaokami wa Shougakusei! (Movie) (MOVIE)	70
Tonari no Seki-kun OVA (OVA)	70
Mitsuami no Kamisama (MOVIE)	70
Yume ga Sameru made (ONA)	70
Massara (ONA)	70
Poretto no Isu (ONA)	70
Byousoku 5 Centimeter (MOVIE)	70
Hal (MOVIE)	70
Kakushigoto: Himegoto wa Nandesuka (MOVIE)	70
Megane na Kanojo (OVA)	70
Kubikiri Cycle: Aoiro Savant to Zaregotozukai (OVA)	70
Kowarekake no Orgel (OVA)	70
Haikyuu!! Riku VS Kuu (OVA)	70
Wakako-zake (TV_SHORT)	70
Haikyuu!!: VS Akaten (SPECIAL)	70
Senryuu Shoujo (TV_SHORT)	70
Tsukimonogatari (TV)	70
Honobono Log (TV_SHORT)	70
resign (ONE_SHOT)	70
Sundome!! Milky Way (MANGA)	70
Hinemosu Kurari (ONE_SHOT)	70
Boku Dake ga Shitteiru (ONE_SHOT)	70
Gakumon no Susume (MANGA)	70
Anata wa Koko de, Iki ga Dekiru no? (NOVEL)	70
Delivery (MANGA)	70
Ane to Kabeshiri to Watashi (ONE_SHOT)	70
Tabimiman (MANGA)	70
Sayonara no Shougai (MANGA)	70
Usami-san wa Kamawaretai! (MANGA)	70
Change the World: Kyou Kara Satsujinki (MANGA)	70
Kyou, Curry! (MANGA)	70
Ijousha (ONE_SHOT)	70
ODETTE (MANGA)	70
Tokyo Lastochika (MANGA)	70
Yorimichi (ONE_SHOT)	70
Oudan Hodou no Manga (MANGA)	70
Kyou no Asuka Show (MANGA)	70
Liv (ONE_SHOT)	70
Happy Death Day (NOVEL)	70
Tsuiraku JK to Haijin Kyoushi (MANGA)	70
Seishun Rikon (MANGA)	70
Watashitachi, Rikon Shimasu (ONE_SHOT)	70
Kyoko to Tousan (MANGA)	70
Nemurubaka (MANGA)	70
Tokyo Alien Brothers (MANGA)	70
Renzu-sou no Sankaku (MANGA)	70
To LOVE-Ru Darkness: Bangai-hen (ONE_SHOT)	70
To LOVE-Ru: Rito to Sayaka no Houkago Ato (ONE_SHOT)	70
Dasei 67 Percent (MANGA)	70
Matching App Yuri Anthology (MANGA)	70
Yuusha Goikkou no Kaerimichi (ONE_SHOT)	70
Doukyonin ga Konoyo no Mon Janai (MANGA)	70
Amigara Dansou no Kai (ONE_SHOT)	70
Senaka Gurashi (MANGA)	70
Watashitachi wa Koi wo Shiranai (MANGA)	70
Hyouka no Emi ga Saku (ONE_SHOT)	70
Watashi no Tadashii Onii-chan (MANGA)	70
Sakka-san to Zashiki Warashi ga Kurasu Hon (MANGA)	70
Mangaka Sensei to Zashiki Warashi (MANGA)	70
100-nichi Go ni Kekkon Suru Futari (MANGA)	70
Kekkyoku Sonna Kimi Ga Suki (MANGA)	70
Nemurenai (ONE_SHOT)	70
Yorimichi (ONE_SHOT)	70
Warau Kanoko-sama (MANGA)	70
Yuri na Kataomoi-chan (MANGA)	70
Musanso Renai (ONE_SHOT)	70
Joushi to Dousei shiteimasu (MANGA)	70
Anata wa Itsumo Zurui Hito (MANGA)	70
Kokuhaku Biyori (MANGA)	70
Shiosai no Majo (MANGA)	70
Nijigahara Holograph (MANGA)	70
Bakewell Memories (ONE_SHOT)	70
8-gatsu no Soda Sui (MANGA)	70
Sensei wa Koi wo Oshierarenai (MANGA)	70
Usotsuki Mii-kun to Kowareta Maa-chan: Totteoki no Uso (MANGA)	70
Taishou Otome Otogibanashi: Pessimist no Shokutaku (MANGA)	70
Hatsukoi, Futatabi. (MANGA)	70
Sora no Yousei (MANGA)	70
Tonari no Yukionna-chan (ONE_SHOT)	70
Riko to Haru to Onsen to Iruka (MANGA)	70
Koi Tsukiyo no Himegoto (MANGA)	70
08:05 no Hengao-san (ONE_SHOT)	70
not simple (MANGA)	70
Watashi no Kobushi wo Uketomete! (MANGA)	70
PositioN (MANGA)	70
Present (ONE_SHOT)	70
Machigatteita no wa Ore Dattan da. (ONE_SHOT)	70
Madoromi-chan ga Iku. (MANGA)	70
Shibito no Koe wo Kiku ga Yoi (MANGA)	70
My Broken Mariko (MANGA)	70
Ore ga Doutei wo Sutetara Shinu Ken ni Tsuite (MANGA)	70
Ninja Shinobu-san no Junjou (MANGA)	70
Haru to Midori (MANGA)	70
Yukuyuku Futari (MANGA)	70
Horimiya Bangai-hen (ONE_SHOT)	70
White Sugar Garden, Black Salt Cage (ONE_SHOT)	70
Yochinouryoku Manga: Kuno Chiyo (MANGA)	70
Mado kara Madoka-chan (MANGA)	70
Soulmate (MANGA)	70
Black Cat (MANGA)	70
Episodeⁿ | Kuusou (ONA)	67
Kobayashi-san Chi no Maidragon S: Mini Dra EX (SPECIAL)	67
Natsume Yuujinchou × Kumamoto-ken: Hitoyoshi Kuma de no Yasashii Jikan (ONA)	67
Cencoroll 2 (MOVIE)	67
Cencoroll (MOVIE)	67
Ani ni Tsukeru Kusuri wa Nai! 3 (ONA)	67
Himote House: Dai Panic! Minna de Gokiburi Taiji (OVA)	67
Re:Zero kara Hajimeru Kyuukei Jikan (Break Time) 3rd Season (ONA)	67
Bernard-jou Iwaku. (TV_SHORT)	67
Shigofumi Picture Drama (SPECIAL)	67
Neko no Ongaeshi (MOVIE)	67
Doraemon: Nobita to Sora no Utopia (MOVIE)	67
raison d'etre (MUSIC)	67
Kororon (MUSIC)	67
Re:Petit kara Hajimeru Isekai Seikatsu (TV_SHORT)	67
SPY×FAMILY Season 2 (TV)	67
Rec (TV_SHORT)	67
Kill la Kill (TV)	67
Anime de Wakaru Shinryounaika (ONA)	67
LINE Novel CMs (ONA)	67
Umayon (TV_SHORT)	67
Uma Musume: Pretty Derby - 1st Anniversary Special Animation (SPECIAL)	67
Uma Musume: BNW no Chikai (OVA)	67
Alien 9 (OVA)	67
Yakusoku no Nanaya Matsuri (ONA)	67
Tounen-bun no Watashi e (MOVIE)	67
Asagao to Kase-san. (OVA)	67
Busu ni Hanataba wo. (TV)	67
Tsuki ga Kirei Special (SPECIAL)	67
Pan de Peace! (TV_SHORT)	67
Harmonie (MOVIE)	67
Paprika (MOVIE)	67
Cross Road (SPECIAL)	67
Tamako Market Specials (SPECIAL)	67
One Punch Man (TV)	67
Hajimete Koibito ga Dekimashita. (MANGA)	67
Hashire! Samejima (ONE_SHOT)	67
Dandelion (MANGA)	67
Haibane Seikatsu Nisshi (MANGA)	67
Matazoro. (MANGA)	67
Toumei Ningen no Tsukurikata (MANGA)	67
Mannin Densha x Watashi x Kare (ONE_SHOT)	67
Yoko-chan wa Positive (ONE_SHOT)	67
Kirika-sama wa Kishi ni Naritai (ONE_SHOT)	67
Boku wa, Onnanoko (MANGA)	67
Osananajimi ga Fuwafuwa Esper Joshikousei no Nichijou (MANGA)	67
Kyou Kara Mirai (MANGA)	67
Kimi ga, Suki. (MANGA)	67
Moshi, Koi ga Mieta Nara (MANGA)	67
Teiji ni Agaretara (MANGA)	67
Renai Shitakunai Wake ja Nai kedo (MANGA)	67
Yasetai-san to Shitsuren-chan (ONE_SHOT)	67
Sayonara Kastor (ONE_SHOT)	67
Ichikawa Haruko Sakuhinshuu (MANGA)	67
Heisei Umare (MANGA)	67
Tsuki to Suppin (MANGA)	67
Konbini of the Dead: 100-nichi Go ni Kyuujo Sareru Konbini Tenin (MANGA)	67
Kakurenbo (ONE_SHOT)	67
300-nen Fuuin Sareshi Jaryuu-chan to Tomodachi ni Narimashita (MANGA)	67
Shiki no Zenjitsu (MANGA)	67
Nigate na no wa Amai Momo (ONE_SHOT)	67
Alien 9: Emulators (MANGA)	67
Aisareru Watashi no Monogatari (ONE_SHOT)	67
Kininaru Mori-san (MANGA)	67
Imouto no Tomodachi ga Nani Kangaeteru no ka Wakaranai (MANGA)	67
Studio Men (MANGA)	67
Tada Arifureteita. (MANGA)	67
Tsuyokute New Game na Love Come (MANGA)	67
Yakumo-san wa Ezuke ga Shitai. (MANGA)	67
Kyuuchou ga Oshitsukete kuru (MANGA)	67
Look Back (ONE_SHOT)	67
Blue Hearts (MANGA)	67
Dekisokonai no Himegimi-tachi (MANGA)	67
Kamibukuro-kun wa Koishiteru (MANGA)	67
SE (MANGA)	67
LIAR GAME (MANGA)	67
GENJI FANTASY: Neko ga Hikaru Genji ni Koi wo Shita (SPECIAL)	65
Meitantei Conan vs Kaitou Kid (MOVIE)	65
Sorairo Utility × BIRDIE WING: Golf Girls' Story Mini Anime (ONA)	65
Soba e (ONA)	65
Ani ni Tsukeru Kusuri wa Nai! 5 (ONA)	65
Ani ni Tsukeru Kusuri wa Nai! 4 (ONA)	65
Ani ni Tsukeru Kusuri wa Nai! 2 (ONA)	65
Your Forma (TV)	65
Machikado Mazoku Mini (ONA)	65
Junkers Come Here: Pilot Film (SPECIAL)	65
Ani ni Tsukeru Kusuri wa Nai! (ONA)	65
Yumekuri (OVA)	65
Miru Tights (ONA)	65
Kill la Kill Tokubetsu-hen (OVA)	65
Uma Musume: Pretty Derby - Shin Jidai no Tobira (MOVIE)	65
Kaze Tachinu (MOVIE)	65
Karigurashi no Arrietty (MOVIE)	65
Rec Special (SPECIAL)	65
Binzume Yousei (TV_SHORT)	65
Korekarasaki, Nando Anata to. (MUSIC)	65
Ima wa Shourai ni Hairimasu ka. (ONA)	65
Flying Witch Petit (ONA)	65
Kame no Koura wa Abarabone (MOVIE)	65
Deji Meets Girl (TV_SHORT)	65
Re:Zero kara Hajimeru Kyuukei Jikan (Break Time) (TV_SHORT)	65
Chikatetsu ni Noru (ONA)	65
Senpai wa Otokonoko (TV)	65
Hitorigurashi no Shougakusei (TV_SHORT)	65
Kaguya-sama wa Kokurasetai: Ultra Romantic 3rd Season Teaser PV - Ishigami Yuu wa Kataritai (ONA)	65
Hello WeGo! (MOVIE)	65
Uramichi Oniisan (TV)	65
Hanebado! (TV)	65
Sasayaku You ni Koi wo Utau (TV)	65
Shoujo Shuumatsu Jugyou (ONA)	65
Toradora!: SOS! (SPECIAL)	65
Kamiari Algorithm (MUSIC)	65
Acchi Kocchi Youchien (SPECIAL)	65
Made in Abyss: Retsujitsu no Ougonkyou - Papa to Issho (SPECIAL)	65
Nobunaga no Shinobi: Nobunaga to Minarai Shinobi (SPECIAL)	65
Nobunaga no Shinobi (TV_SHORT)	65
Higashi no Eden Movie II: Paradise Lost (MOVIE)	65
Tatakae! Space Attendant Aoi (MOVIE)	65
Ryuu to Sobakasu no Hime (MOVIE)	65
Hoshi wo Ou Kodomo (MOVIE)	65
Tokyo Marble Chocolate (OVA)	65
Hoshi no Koe (OVA)	65
Haikyuu!!: Lev Kenzan! (OVA)	65
No Game No Life (TV)	65
Howl no Ugoku Shiro (MOVIE)	65
Change Mark (ONE_SHOT)	65
Ani Imouto (MANGA)	65
Yoru ni naru to Boku wa (MANGA)	65
"Shinu kurai nara Kaisha Yamereba" ga Dekinai Wake (MANGA)	65
Uminekosou days (MANGA)	65
Chocolate: Maid Cafe (MANGA)	65
En wa Inamono Aji na Mono (ONE_SHOT)	65
Route 2106 (ONE_SHOT)	65
Kono Gomi wo Nanto Yobu (MANGA)	65
Ningyo no Sodate Kata (MANGA)	65
Choku! (MANGA)	65
Gekkou (NOVEL)	65
Sakurai-san wa Kizuite Hoshii (MANGA)	65
Itookashi (ONE_SHOT)	65
Biotop (MANGA)	65
Bokura no Shuumatsu (ONE_SHOT)	65
Heisei Umare 2 (MANGA)	65
Konna Watashi ni Kitaishinai de (MANGA)	65
Kyuuso wa Cheese no Yume wo Miru (MANGA)	65
Mogijeonjaeng (MANGA)	65
Nikaidou Kou Tanpenshuu: Arigatou tte Itte (MANGA)	65
Lens Goshi ni Oni wa Inai (ONE_SHOT)	65
Waratte! Sotomura-san (MANGA)	65
Toumei Ningen no Koi (MANGA)	65
Akai Michi (ONE_SHOT)	65
Sweet Poolside (MANGA)	65
Playback I Love You (ONE_SHOT)	65
Isekai Kakuriyo: Ayakashi Kuukitan (MANGA)	65
Tokyo ni Somara Rehen Ko (MANGA)	65
Hitomebore (MANGA)	65
Osananajimi no Manga (MANGA)	65
Chocolate to Kase-san. (MANGA)	65
Rabuka (ONE_SHOT)	65
Saboten no Himitsu (MANGA)	65
Yubikiri Hime (ONE_SHOT)	65
Rengoku no Ashe (ONE_SHOT)	65
Saeki-san wa Nemutteru (MANGA)	65
Yawahada (MANGA)	65
Shingou-san wa Soko ni Ari (MANGA)	65
Mienai Hitotachi. (MANGA)	65
Koi to Utatane (MANGA)	65
Nemuru Machi no Futari (ONE_SHOT)	65
Tsuyokina Watashi no Semeta Ichinichi (ONE_SHOT)	65
Kumabachi no Koto (ONE_SHOT)	65
Tagai no Guardian (ONE_SHOT)	65
Ryuu no Eigakan (ONE_SHOT)	65
Hajimari no Natsu (MANGA)	65
Prologue-Gymnopedies- (Mieru Record) (MANGA)	65
Gaikotsu to Koi wa Dekiru no ka? (ONE_SHOT)	65
Doujima-kun wa Doujinai (MANGA)	65
ERENA (ONE_SHOT)	65
Haru no Ongaeshi (ONE_SHOT)	65
Kaitai Zanuff (ONE_SHOT)	65
Bouken Erekitetou (MANGA)	65
Jinrui wo Metsubou sasete wa Ikemasen (MANGA)	65
Kawaii Hito (MANGA)	65
Chiguhagu na Karera no Koi no Yukue (MANGA)	65
Aoi Yoru (ONE_SHOT)	65
Koukai Saki ni Tatazu na (MANGA)	65
Itoshi no Kana (MANGA)	65
Chiisana Mori no Ookami-chan (MANGA)	65
Bacouple (MANGA)	65
Majo to Dai Akuma (MANGA)	65
Kurai Mori, Shiroi Michi (MANGA)	65
Tengoku ni Ikitakatta Dekisokonai (MANGA)	65
Tabi ni Dasasete Moraenai Yuusha no Manga (MANGA)	65
Oyasumi Punpun (MANGA)	65
Imouto no Ane (ONE_SHOT)	65
Kanojo, Okarishimasu x Senryuu Shoujo (ONE_SHOT)	65
Akarui Kioku Soushitsu (MANGA)	65
Tsukiatte Nai Kedo Yarimashita (MANGA)	65
Tsukiatte Agetemo Ii ka na (MANGA)	65
Ikiteru Kimi ni Hanataba Wo (ONE_SHOT)	65
Kanako-san (ONE_SHOT)	65
Ikemen Girl to Hakoiri Musume (MANGA)	65
Shizuko wa Ore no Yome (MANGA)	65
Sora no Shita Yane no Naka (MANGA)	65
Tokidoki Bosotto Roshiago de Dereru Tonari no Alya-san (ONE_SHOT)	65
Watashi no Aisuru Kawano-san (ONE_SHOT)	65
Nenene (MANGA)	65
Ookami to Watashi no Kazoku Jijou (ONE_SHOT)	65
Ana Satsujin (MANGA)	65
Maou no Musume wa Yasashi Sugiru!! (MANGA)	65
Kobayashi-san Chi no ○○ Dragon (SPECIAL)	60
Miru Tights: Cosplay Satsuei Tights (OVA)	60
Itsuka no Watashi yori (ONA)	60
Nazotoki wa Dinner no Ato de (TV)	60
Bokura no Yoake (MOVIE)	60
Machikado Mazoku: 2-Choume Mini (ONA)	60
Bernard-jou Iwaku. - Ofuro dokusho (SPECIAL)	60
Chi. Chikyuu no Undou ni Tsuite (TV)	60
Asobi Asobase OVA (OVA)	60
Na-Nare Hana-Nare (TV)	60
Chichibu de Buchichi (ONA)	60
Tadaima, Okaeri (TV)	60
Boukenroku (MUSIC)	60
Bokura no Ameiro Protocol (TV)	60
Umayon: Shinsaku Short Anime (SPECIAL)	60
Kimi no Hikari: Asagao to Kase-san. (ONA)	60
Misaki no Mayoiga (MOVIE)	60
Yuru Camp△ SEASON 2 OVA (OVA)	60
Kanojo ga Kanji wo Suki na Riyuu. (ONA)	60
Ashita Sekai ga Owaru toshitemo (MOVIE)	60
Love All Play (TV)	60
Kimi wa Kanata (MOVIE)	60
Kimi no Matsu Basho e (ONA)	60
Cossette no Shouzou (OVA)	60
Kanojo to Kanojo no Neko: Everything Flows (TV_SHORT)	60
Bakemono no Ko (MOVIE)	60
Mary to Majo no Hana (MOVIE)	60
Nyanko Days (TV_SHORT)	60
Marulk-chan no Nichijou (SPECIAL)	60
Okuru Kotoba (MANGA)	60
Kimi ni Nidome no Sayonara wo. (MANGA)	60
Sakana no Miru Yume (MANGA)	60
VITA Sexualis (MANGA)	60
Meros (MANGA)	60
Sachi-iro No One Room Gaiden: Seikai No Meitantei (MANGA)	60
Asong De Lamian Biji (MANGA)	60
Arata naru Sekai: Kako-hen (MANGA)	60
Akuma wa Sasayaku (ONE_SHOT)	60
Watashi no Kidou (ONE_SHOT)	60
Osananajimi ni Najimitai (MANGA)	60
Othello (ONE_SHOT)	60
Uchi no Danna ga Kawaisugiru Ken ni Tsuite (MANGA)	60
Subarashiki Kono Sekai (MANGA)	60
Niwaka Ame no Tegami (ONE_SHOT)	60
Hokenshitsu no Tsumuri-san (MANGA)	60
Nega-kun to Poji-chan (MANGA)	60
Hatsukoi (MANGA)	60
Clover (MANGA)	60
Yawarakai Onna (MANGA)	60
Yuusha ka Maou ka Erabasete (MANGA)	60
Ootani-san Chi no Tenshi-sama (MANGA)	60
Hoshikawa Ginza Yonchoume (MANGA)	60
High Risk Mission Therapy (MANGA)	60
One Room Rakuen (ONE_SHOT)	60
Love Attack (ONE_SHOT)	60
Doutei Zetsumetsu Rettou (MANGA)	60
Chikyuu Saigo no Hi Kokuhaku suru Hanashi (MANGA)	60
Maou no Hajimekata THE COMIC (MANGA)	60
Parallel (MANGA)	60
Shibito no Koe wo Kiku ga Yoi (ONE_SHOT)	60
Kono Ko ja Nai! (ONE_SHOT)	60
Sachiusu (MANGA)	60
Sekai no Owari to Yoake Mae (MANGA)	60
Nise Kioku Soushitsu no Hachiyo-san (MANGA)	60
Suki x Suki (MANGA)	60
Akarui (ONE_SHOT)	60
Bandai Neko no Tama-san (MANGA)	60
Love Calendar (MANGA)	60
Furou Kyoudai (MANGA)	60
Furou Kyoudai (ONE_SHOT)	60
Kimi to wa Osananajimi Deshita ne (MANGA)	60
Alien 9 Special (ONE_SHOT)	60
Yokushiryoku (MANGA)	60
Sayonara Bye-bye (ONE_SHOT)	60
Yuki Onna to Kani wo Kuu: Okinawa-hen (MANGA)	60
Suugaku Girl (MANGA)	60
Shino-chan wa Jibun no Namae ga Ienai (MANGA)	60
Hadi Girl (MANGA)	60
Aroma-chan wa Konya mo Hazukashii (MANGA)	60
Mayonaka no Waltz (ONE_SHOT)	60
Marble Chocolate (MANGA)	60
Futsuu ni Kiite Kure (ONE_SHOT)	60
Tsukiatte Kudasai (ONE_SHOT)	60
Ruri Dragon (ONE_SHOT)	60
Sekimen Shinaide Sekime-san (MANGA)	60
Yogen no Nayuta (ONE_SHOT)	60
Nioi wo Kagu no ga Suki na Onnanoko (MANGA)	60
Kemono no Joou (MANGA)	60
Kimi to (MANGA)	60
Sasen mo Warukunai (MANGA)	60
Rome Futari Gurashi (ONE_SHOT)	60
Apple Parfait: Onee-Loli Yuri Anthology (MANGA)	60
Shin Genre "TsunBaka": Boon ga Shihoushiken wo Mezasu You desu (MANGA)	60
Shoshinsha Obake-chan no Manga (MANGA)	60
Kiyomizu Iroha wa Koi wo Shiranai (ONE_SHOT)	60
Namida wo Yurushita Jigoku no Shisha (ONE_SHOT)	60
Star Strings yori (ONE_SHOT)	60
Back to the Jack (MANGA)	60
RKGKMDK (MANGA)	60
Shingetsutan Tsukihime (MANGA)	60
Flying Witch Petit Special (SPECIAL)	55
Tensui no Sakuna-hime (TV)	55
Amrita no Kyouen (MOVIE)	55
Suntory Minami Alps no Tennen Mizu (SPECIAL)	55
Rakka-sei (MOVIE)	55
11-nin Iru! (MOVIE)	55
Taifuu no Noruda (MOVIE)	55
Spirit of Wonder: China-san no Yuuutsu (OVA)	55
Koi to Yobu ni wa Kimochi Warui (ONA)	55
Tomorrow’s Leaves (MOVIE)	55
Unnamed Memory (TV)	55
Eien no 831 (SPECIAL)	55
Nobunaga no Shinobi: Ise Kanegasaki-hen (TV_SHORT)	55
Kanojo to Kanojo no Neko (OVA)	55
Minami no Shima no Dera-chan (SPECIAL)	55
Kimi to Shiranai Natsu ni Naru (MANGA)	55
Hajimete no Gyakusatsu (MANGA)	55
Spirit of Wonder (MANGA)	55
Sensei Lock On! (MANGA)	55
RaButa (MANGA)	55
Gyakusou Shoujo: Owaranai Natsuyasumi (MANGA)	55
Princess School (ONE_SHOT)	55
Boku to Kanojo no Game Sensou (MANGA)	55
Yuri Natsu: Minshuku Kagaya (MANGA)	55
ABILITY SHOP (ONE_SHOT)	55
Yukimusume wa Fureaitai (ONE_SHOT)	55
Sex & Dungeon!!: Wagaya no Chika ni, H Kaisuu = Level no Dungeon ga Shutsugen shita?! (MANGA)	55
Annarasumanara (MANGA)	55
●REC (MANGA)	55
Koi☆Sento (OVA)	50
Kokoro Toshokan: Communication wa Kiru (SPECIAL)	50
Hananoi-kun to Koi no Yamai (TV)	50
beautiful day dreamer (ONA)	50
Kurage no Shokudou (OVA)	50
Slow Start (TV)	50
Neon The Animation (ONA)	50
PUI PUI Molcar (TV_SHORT)	50
Taneyamagahara no Yoru (MOVIE)	50
Tonari no Totoro (MOVIE)	50
AKIRA (MOVIE)	50
Shi ni Aruki (MANGA)	50
Konyaku Haki kara Hajimaru Akuyaku Reijou no Kangoku Slow Life (NOVEL)	50
Suicide Parabellum (MANGA)	50
Angelfire (ONE_SHOT)	50
Tokimeki no Ikenie (MANGA)	50
Flag wo Sente de Ori Makuru (MANGA)	50
Alien 9 Next (MANGA)	50
Shitto na Watashi to Shikku na Aitsu (ONE_SHOT)	50
Yuugatou (ONE_SHOT)	50
Magatsu Wanashi no Yuusha kari (MANGA)	50
Bibliomania (MANGA)	50
Final Girl (ONE_SHOT)	50
Kimi to Nadekko! (MANGA)	50
Chikyuu no Ko (MANGA)	50
Suki dakedo Suki dakara Uketorenai (MANGA)	50
Sono Uchi Kekkon made Iku kedo Ima wa Mada (MANGA)	50
Toaru Yakedo Shoujo no Hanashi (MANGA)	50
trapezium (MOVIE)	45
Tasokare Hotel (ONA)	45
Heisei Tanuki Gassen Ponpoko (MOVIE)	45
Majo no Tabitabi (TV)	45
Fumiko no Kokuhaku (ONA)	45
1-nichi Go ni Shinu Gorilla (MANGA)	45
Yume Nikki (MANGA)	45
Koharu no Hibi (MANGA)	45
Shirayuki Tsurara wa Toketakunai (ONE_SHOT)	45
Kimi wa Mada Torikago no Naka (ONE_SHOT)	45
Curry Utopia (MANGA)	45
Joucho wo Mechakuchani Shitekuru Onna (MANGA)	45
Takopii no Genzai (MANGA)	45
Mugen Tengoku (ONE_SHOT)	45
Kasako (MANGA)	45
Wasurenagumo (MOVIE)	40
Hotaru no Haka (MOVIE)	40
DEATH NOTE (TV)	40
Konya wa Tsuki ga Kirei desu ga, Toriaezu Shine: last (MANGA)	40
Konya wa Tsuki ga Kirei desu ga, Toriaezu Shine (MANGA)	40
Wagahai wa Neko de Aru (MANGA)	40
Ookami Ningen to Ningen Ookami (ONE_SHOT)	40
Last Menhealer (MANGA)	40
Inuyashiki (MANGA)	40
Fukushuu Kyoushitsu (MANGA)	40
Yuugatou (ONE_SHOT)	30
Garden (MANGA)	30
Kyou wo Aruku (MANGA)	30
Misu Misou (MANGA)	25
Boon ga Ijime ni Atteita You desu (MANGA)	25
Himizu (MANGA)	20
Meitantei Conan: Tokei Jikake no Matenrou (MOVIE)	None
